{"loss": 0.10335035622119904, "lr": 3.125e-05, "epoch": 31, "_timestamp": 1701537581.862907, "_runtime": 18075.28259587288, "_step": 28616, "train_samples": {"_type": "images/separated", "width": 16, "height": 16, "format": "png", "count": 30, "filenames": ["media/images/train_samples_28616_3eaab31cb587bab19da6.png", "media/images/train_samples_28616_3554bdce3c9eac0ef217.png", "media/images/train_samples_28616_33a77139b1ddc6ba3814.png", "media/images/train_samples_28616_2d398084ee8e7c17e7b7.png", "media/images/train_samples_28616_bab92f4457740e21c693.png", "media/images/train_samples_28616_8b9c2aa20f8d54d3c3a2.png", "media/images/train_samples_28616_0ceedd041f58d387542e.png", "media/images/train_samples_28616_d90775c36e09e62e23f6.png", "media/images/train_samples_28616_e2b05052ffec45c9319f.png", "media/images/train_samples_28616_3d6ed5d77183cbafe857.png", "media/images/train_samples_28616_1898bc7bd82d112b262f.png", "media/images/train_samples_28616_dbabcb48dfb67dc53d52.png", "media/images/train_samples_28616_ae34822fa5be97487522.png", "media/images/train_samples_28616_254326fda65e22c89d8a.png", "media/images/train_samples_28616_090150a822fa2d47b93d.png", "media/images/train_samples_28616_316a34810040010b1d76.png", "media/images/train_samples_28616_b35910872c5987b64986.png", "media/images/train_samples_28616_d431bd61f48a432c984d.png", "media/images/train_samples_28616_bc491c5aef4048c53915.png", "media/images/train_samples_28616_32409b7b41647207075f.png", "media/images/train_samples_28616_2044c114718f09754319.png", "media/images/train_samples_28616_ea55dba8ef8e9d08da45.png", "media/images/train_samples_28616_80e996c2ef76b9a9ba02.png", "media/images/train_samples_28616_2d952049417c5013f2d0.png", "media/images/train_samples_28616_93c2cbaabde643a77aba.png", "media/images/train_samples_28616_78dd091ef20ee2aeaa3f.png", "media/images/train_samples_28616_8909d0ca2361fcc7b613.png", "media/images/train_samples_28616_9fae054381cb7649907d.png", "media/images/train_samples_28616_35c5a27cfff2faae1993.png", "media/images/train_samples_28616_784ff32645ac7b04701a.png"]}, "_wandb": {"runtime": 18074}}