{"train/loss": 3.97, "train/learning_rate": 3.991416309012876e-05, "train/epoch": 0.6, "train/global_step": 140, "_timestamp": 1702520351.178689, "_runtime": 1020.6050510406494, "_step": 139}